id,url,title,channel_id
pj1_dYnRmCY,https://www.youtube.com/watch?v=pj1_dYnRmCY,"The CEO’s Guide to Staying Healthy, Grounded, and Productive",biohack-it
IPQInEXfk-Q,https://www.youtube.com/watch?v=IPQInEXfk-Q,"The BIGGEST Mistakes Women Make With Hormones, Birth Control, and Conventional Medicine",biohack-it
NmgiUx3qwQo,https://www.youtube.com/watch?v=NmgiUx3qwQo,"The Truth About Protein Powder, Heavy Metals, and What’s REALLY In Your Supplements",biohack-it
qH6iuhIP8T0,https://www.youtube.com/watch?v=qH6iuhIP8T0,The Longevity Expert Shares Her Secret to Aging Well,biohack-it
FY3DwP0Li_A,https://www.youtube.com/watch?v=FY3DwP0Li_A,How to Attract the RIGHT Partner and Achieve True Freedom | The Mind Architect,biohack-it
XDtuyPosAtM,https://www.youtube.com/watch?v=XDtuyPosAtM,"Mold, Mercury, and Dental Work: The Perfect Storm Making You Sick",biohack-it
rnJOvbDk-JI,https://www.youtube.com/watch?v=rnJOvbDk-JI,"Spiritual Journeys, Beauty, and Self-Discovery – Is This The Path to Female Empowerment?",biohack-it
SefIfJHIqRI,https://www.youtube.com/watch?v=SefIfJHIqRI,"ADHD, Menopause, and Fertility – What Doctors WON’T Tell You About Women’s Health",biohack-it
E4h5FzNQuRc,https://www.youtube.com/watch?v=E4h5FzNQuRc,"Cancel Culture, Content Creation, and Cold Showers | Valeria Lipovetsky on Healing in Every Way",biohack-it
xZkRcjw7GUI,https://www.youtube.com/watch?v=xZkRcjw7GUI,The ULTIMATE Hack For Blocking Blue Light,biohack-it
Wyras6NMEIo,https://www.youtube.com/watch?v=Wyras6NMEIo,Getting Bloodwork Done Could SAVE Your Life,biohack-it
l-ehbrPV22U,https://www.youtube.com/watch?v=l-ehbrPV22U,"Microplastics, Heavy Metals, and Autoimmunity – Everything That’s Destroying Your Hormones",biohack-it
F1aS0y2qh7c,https://www.youtube.com/watch?v=F1aS0y2qh7c,"Muscle Growth, Gut Health, and Skin Rejuvenation: What You Need to Know About Peptides",biohack-it
LRrT1eHG2bM,https://www.youtube.com/watch?v=LRrT1eHG2bM,"Sleep, Stress, and Anxiety – How EMF Blockers Will Change Your Life",biohack-it
MFqIaETLZ1k,https://www.youtube.com/watch?v=MFqIaETLZ1k,The Shocking TRUTHS About Supplements & Wellness Trends – Everything You Need To Know,biohack-it
EslBZQueMJ4,https://www.youtube.com/watch?v=EslBZQueMJ4,"The Worm Queen: Brain Fog, Bloating, and the Parasite Pandemic",biohack-it
1096_FOYmeg,https://www.youtube.com/watch?v=1096_FOYmeg,This Technology Is the Gateway to Reviving Your Body,biohack-it
8ipTiZECKes,https://www.youtube.com/watch?v=8ipTiZECKes,"Carnivore, Keto, and The Hidden Dangers of Vegetables | Ben Azadi",biohack-it
Dnsvii8gKLI,https://www.youtube.com/watch?v=Dnsvii8gKLI,"The Truth About Ozempic, The Right Way To Use Creatine, And Debunking Weight Loss Myths | JJ Virgin",biohack-it
F8g6KCvvFgQ,https://www.youtube.com/watch?v=F8g6KCvvFgQ,"Pelvic Care, Fertility, and Uncovering The Secrets Of The Womb",biohack-it
7KVT-w49uOo,https://www.youtube.com/watch?v=7KVT-w49uOo,"The Truth About Cold Plunging, Castor Oil, and Intermittent Fasting with Dr. Jess Peatross",biohack-it
YXPeEogYUWs,https://www.youtube.com/watch?v=YXPeEogYUWs,Overcoming Addiction: Davinia Taylor’s Biohacking Breakthrough,biohack-it
Qw1-_j7RgdU,https://www.youtube.com/watch?v=Qw1-_j7RgdU,Calley Means: From Insider to Whistleblower – Destroying the System That’s Making You SICK,biohack-it
-29j3hZ1yGk,https://www.youtube.com/watch?v=-29j3hZ1yGk,Gary Brecka: The Healthcare America Should Have – Inside Dubai’s Biohacking Boom,biohack-it
4K_CgAvKMQ0,https://www.youtube.com/watch?v=4K_CgAvKMQ0,"Breast Implants, Hormone Chaos, Gut Damage - The Detox Hacks You Need",biohack-it
pWSyFxXOJNw,https://www.youtube.com/watch?v=pWSyFxXOJNw,"Restoring Fertility: Reproductive Medicine, Endometriosis & Real Food Healing",biohack-it
j_dCe4d3sgE,https://www.youtube.com/watch?v=j_dCe4d3sgE,The Acne Gurus: The Real Reason You Have Acne – And How To Heal It For Good,biohack-it
tsIGsEboqPU,https://www.youtube.com/watch?v=tsIGsEboqPU,Dr. Will Cole: Fix Your Gut Health – Why 93% of Americans Are Metabolically SICK,biohack-it
CBPpaFf4gsw,https://www.youtube.com/watch?v=CBPpaFf4gsw,Alex Clark: You Are Being POISONED — Why Americans Keep Getting Sicker,biohack-it
5uOTYZvaVKA,https://www.youtube.com/watch?v=5uOTYZvaVKA,"Mark Cuban on Trump’s Tariffs, Elon Musk, and Biggest Shark Tank Regrets",biohack-it
CTx_eWnK-4A,https://www.youtube.com/watch?v=CTx_eWnK-4A,"The Manifestation Expert: Exploring the Afterlife, Meditation, and Connecting to the Spiritual Realm",biohack-it
X_iHjI_bb8E,https://www.youtube.com/watch?v=X_iHjI_bb8E,The Skincare Scientist: The One Skincare Product You Should Throw Away Immediately,biohack-it
8pEOYVSBfCM,https://www.youtube.com/watch?v=8pEOYVSBfCM,"Getting My Life Back After Hitting Rock Bottom – Divorce, Abuse, and Ayahuasca",biohack-it
_Incxo8G0RQ,https://www.youtube.com/watch?v=_Incxo8G0RQ,The Relationship Expert: The 9 Hard Truths About Love That Will Change Your Life,biohack-it
83ntMhGqS00,https://www.youtube.com/watch?v=83ntMhGqS00,"Mikhaila Peterson: Navigating Divorce, SSRI Withdrawal, and Parenting Her Children",biohack-it
6jLCZW2Mbes,https://www.youtube.com/watch?v=6jLCZW2Mbes,The Longevity Expert: The One Supplement You’ve Never Heard of That Will Change Your Life,biohack-it
qDgvbKPwC7k,https://www.youtube.com/watch?v=qDgvbKPwC7k,Heal Your Mind by Healing Your Gut | Tina Anderson,biohack-it
YVsyfRGCELI,https://www.youtube.com/watch?v=YVsyfRGCELI,Why IVF Alone Won’t Fix Your Fertility & What to Do Instead with Aimee Raupp,biohack-it
GxtRuPM05Qg,https://www.youtube.com/watch?v=GxtRuPM05Qg,The Strange Myths About Plastic Surgery (EXPLAINED),biohack-it
Dq0AUy0abHU,https://www.youtube.com/watch?v=Dq0AUy0abHU,Transform Your Love Life: Expert Couples Therapy Tips from Julie Menanno,biohack-it
xmEI6BPKHfg,https://www.youtube.com/watch?v=xmEI6BPKHfg,Unveiling the Truth: Was JFK Really Assassinated by the CIA? | Jessica Reed Kraus,biohack-it
GoqwwXGubTI,https://www.youtube.com/watch?v=GoqwwXGubTI,A Holistic Pediatrician’s Guide to Healthier Kid’s with Dr. Elisa Song,biohack-it
WYCfST7f_Vk,https://www.youtube.com/watch?v=WYCfST7f_Vk,Case Kenny: You Can Create A Life You Love with Mindfulness,biohack-it
4QJQNiREXVo,https://www.youtube.com/watch?v=4QJQNiREXVo,Release Your Trapped Emotions with Frank Elaridi,biohack-it
ul1TguJJjjw,https://www.youtube.com/watch?v=ul1TguJJjjw,Breakthrough Fertility Treatments: Innovative Paths to Parenthood with Dr. Zaher Merhi,biohack-it
ijckL_xpEN4,https://www.youtube.com/watch?v=ijckL_xpEN4,Detox Your Life: Tackling Hidden Toxins with The Health Goat,biohack-it
ehgjNeFaOvs,https://www.youtube.com/watch?v=ehgjNeFaOvs,"You Can Redefine Your Life at Any Age with Krista Williams, Co-Host of Almost 30",biohack-it
2pQrTqjQHjw,https://www.youtube.com/watch?v=2pQrTqjQHjw,The New Wave of Drinking: Jen Batchelor on Building a Business and the Sober Movement,biohack-it
SxNU-Jh1FBs,https://www.youtube.com/watch?v=SxNU-Jh1FBs,Detox Your Mind and Body: Lessons from Cancer Survivor and Nutritionist Elissa Goodman,biohack-it
h_M25K_ZmF8,https://www.youtube.com/watch?v=h_M25K_ZmF8,The Egg Whisperer’s Guide to Reproductive Health with Dr. Aimee Eyvazzadeh,biohack-it
8FnFYpc7zFA,https://www.youtube.com/watch?v=8FnFYpc7zFA,Dr. Leigh Erin Connealy on Cancer Prevention,biohack-it
MS0kG-4j_gE,https://www.youtube.com/watch?v=MS0kG-4j_gE,BONUS Jillian Michaels on Trump's Cabinet and the Politicalization of Health,biohack-it
dH1LLmwywIA,https://www.youtube.com/watch?v=dH1LLmwywIA,Dr. Kristine Profeta and Jessica Berman on Cellular Detoxification to Reverse Chronic Conditions,biohack-it
SPEUiQM08s4,https://www.youtube.com/watch?v=SPEUiQM08s4,"Secrets to Women's Health and Longevity with Parsley Health Founder Robin Berzin, MD",biohack-it
CxGZrl9ZsZk,https://www.youtube.com/watch?v=CxGZrl9ZsZk,Dr. Sara Szal Gottfried on Menopause and Hormonal Balance: A Holistic Approach to Women's Health,biohack-it
vDfM2WhxRAc,https://www.youtube.com/watch?v=vDfM2WhxRAc,Dr. Nigma Talib on The Gut-Skin Connection: Unlocking Flawless Skin with Celebrity Naturopath,biohack-it
CC3m6NjdcR0,https://www.youtube.com/watch?v=CC3m6NjdcR0,"What Every Parent Should Know About Childhood Obesity, Diabetes, and Autism | Dr. Joel Gator Warsh",biohack-it
VlFqLdA5Rqk,https://www.youtube.com/watch?v=VlFqLdA5Rqk,"The Surrogacy Journey: Navigating Costs, Relationships, and Choices with Dr. Brian Levine",biohack-it
BAon3-iyQY4,https://www.youtube.com/watch?v=BAon3-iyQY4,"The Fall of Feminism: Cristina Cataman Discusses Feminism, Cancel Culture, and Politics",biohack-it
-sL0OP1wei0,https://www.youtube.com/watch?v=-sL0OP1wei0,"Eat Well, Live Well: Celebrity Nutritionist, Mona Sharma's Guide to Healing",biohack-it
5JM1XzhuGF0,https://www.youtube.com/watch?v=5JM1XzhuGF0,The Damaging Health Effects of Keeping Toxic People in Your Life,biohack-it
H3_1EfEu-hY,https://www.youtube.com/watch?v=H3_1EfEu-hY,What is Biohacking? My Top Biohacks to Upgrade Your Life Today!,biohack-it
o1h-wFqF_LE,https://www.youtube.com/watch?v=o1h-wFqF_LE,What's Really Inside Your Vitamins and Supplements? | Avoid These Marketing Scams!,biohack-it
rV8DIt6OzfU,https://www.youtube.com/watch?v=rV8DIt6OzfU,5 Easy Health Hacks You Can Start Today For A Better Life | Biohack-it,biohack-it
yzJXS0yXgxo,https://www.youtube.com/watch?v=yzJXS0yXgxo,Want A Thriving Business?  Spend the week with an entrepreneur scaling TWO businesses!,biohack-it
BUpqQfptJxs,https://www.youtube.com/watch?v=BUpqQfptJxs,Why Medical Errors Are Killing Us: Dr. Will Cole On Functional Medicine & Gut-Brain Health!,biohack-it
rcvHjUFT0-w,https://www.youtube.com/watch?v=rcvHjUFT0-w,Transform Your Health Naturally With Plant Medicine: Insights From Dr. Vincent Pedre!,biohack-it
qseduflV5oo,https://www.youtube.com/watch?v=qseduflV5oo,The Real Reasons Why Modern Relationships Fail & How To Fix Them: Love Tips From Jillian Turecki!,biohack-it
DOf9SqMYtqg,https://www.youtube.com/watch?v=DOf9SqMYtqg,"Carolina Reis, PhD on Reversing Aging and Keeping Skin Healthy",biohack-it
_kuQtZ4A_Ao,https://www.youtube.com/watch?v=_kuQtZ4A_Ao,Top Detox Myths Exposed: Dr. John Kim's Insights On Parasites & Cellular Health,biohack-it
t5sUx-1fUi8,https://www.youtube.com/watch?v=t5sUx-1fUi8,Advanced Cellulite Treatments With Caroline Van Hove: What Works & What Doesn’t?,biohack-it
5M-fXujOBHc,https://www.youtube.com/watch?v=5M-fXujOBHc,"How To Balance Hormones Naturally: Dr. Jolene Brighten's Guide To PMS, Libido & More!",biohack-it
7NWsuvNookc,https://www.youtube.com/watch?v=7NWsuvNookc,"How Generational Trauma Affects Your Hormones, Menopause & Health: Dr. Anna Cabeca's Journey & Tips!",biohack-it
OWBJQxfu_jY,https://www.youtube.com/watch?v=OWBJQxfu_jY,Hormonal Birth Control Side Effects & Alternatives: Expert Advice By Dr. Elina Berglund!,biohack-it
Sku8y9y-AuM,https://www.youtube.com/watch?v=Sku8y9y-AuM,Mommy Makeovers & Athletic BBL: Expert Plastic Surgery Tips From NYC’s Leading Surgeons!,biohack-it
0ICIhwspZ6Q,https://www.youtube.com/watch?v=0ICIhwspZ6Q,How To Lose Weight & Manage Anxiety Naturally: Michelle Shapiro's Functional Nutrition Tips!,biohack-it
eHrY3cB4Sjc,https://www.youtube.com/watch?v=eHrY3cB4Sjc,"Secrets Of Non-Surgical Beauty Treatments: Miguel Mascaro's Honest Take On Botox, Fillers, & More!",biohack-it
5a0kO5zieDM,https://www.youtube.com/watch?v=5a0kO5zieDM,How Poor Posture Causes Chronic Pain & How To Fix It: Expert Tips From Aleena Kanner!,biohack-it
bOgJJL9jGkY,https://www.youtube.com/watch?v=bOgJJL9jGkY,Keto Diet Explained: How To Burn Fat & Achieve Metabolic Flexibility With Ben Azadi,biohack-it
0yaI10uhaMk,https://www.youtube.com/watch?v=0yaI10uhaMk,Hidden Health Threats: Dr. Jessica Peatross Exposes Environmental Toxins & Their Impacts!,biohack-it
EYMj6IhUeIc,https://www.youtube.com/watch?v=EYMj6IhUeIc,"Real Impact Of Social Media: Cristina Cataman Talks On Toxic Feminism, Cancel Culture, & AI Dangers",biohack-it
mBYR0vshLiA,https://www.youtube.com/watch?v=mBYR0vshLiA,Boost Your Brain Health Naturally: Neuroscience & Spirituality Tips With Dr. Patrick Porter!,biohack-it
2wuhc3yIMA0,https://www.youtube.com/watch?v=2wuhc3yIMA0,Amy Lea’s Energetic Blueprint: Navigating Your Life with Human Design and Astrology,biohack-it
04ixVxLIFDA,https://www.youtube.com/watch?v=04ixVxLIFDA,Transform Your Health With Anti-Inflammatory Diet: Expert Tips For A Healthy Gut From Yalda Alaoui,biohack-it
AHG7T8umyBU,https://www.youtube.com/watch?v=AHG7T8umyBU,How To Find Purpose In Life: Alvaro Nunez’s Secrets To Overcoming Hard Times & Achieving Dreams,biohack-it
vgg1bH1jYdk,https://www.youtube.com/watch?v=vgg1bH1jYdk,"The Power of Iboga: Reclaiming Your Life from Trauma, Addiction, and Disease with Dr. Marie Mbouni",biohack-it
QQ68PybPERw,https://www.youtube.com/watch?v=QQ68PybPERw,Secrets Of $5.6 Trillion Wellness Industry: Health & Supplements Tips From BodyBio's CMO Jess Kane,biohack-it
ESFhwVPuwKY,https://www.youtube.com/watch?v=ESFhwVPuwKY,Shark Tank Success: How Natalie Holloway Revolutionized Fitness Fashion With Bala Bangles!,biohack-it
uWg247GXGvo,https://www.youtube.com/watch?v=uWg247GXGvo,"From Wall Street to Wellness: Nourishing Gut, Body, and Business with Whitney Tingle",biohack-it
